Date,Austria,Belgio,Bulgaria,Repubblica Ceca,Germania,Danimarca,Spagna,Estonia,Finlandia,Francia,Grecia,Croazia,Ungaria,Irlanda,Italia,Lituania,Lussemburgo,Lettonia,Paesi Bassi,Norvegia,Polonia,Portogallo,Romania,Russia EU,Slovacchia,Slovenia,Svezia,Turchia EU,Ucraina
21-01-2020,0,0,0,0,0,0,0,0,0,0,0,0,0,0,0,0,0,0,0,0,0,0,0,0,0,0,0,-0.009510446,0
22-01-2020,0,0,0,0,0,0,0,0,0,0,0,0,0,0,0,0,0,0,0,0,-0.004948022,0,0,0,0,0,0,-0.019020893,0
23-01-2020,0,0,0,0,0,0,0,0,0,0,0,0,0,0,0,0,0,0,0,0,-0.009896044,0,0,0,0,0,0,-0.028531339,0
24-01-2020,0,0,0,0,0,0,0,0,0,0,0,0,0,0,0,0,0,0,0,0,-0.014844067,0,0,0,0,0,0,-0.038041786,0
25-01-2020,0,0,0,0,0,0,0,0,0,0,0,0,0,0,0,0,0,0,0,0,-0.019792089,0,0,0,0,0,0,-0.047552232,0
26-01-2020,0,0,0,0,0,0,0,0,0,0,0,0,0,0,0,0,0,0,0,0,-0.024740111,0,0,0,0,0,0,-0.057062679,0
27-01-2020,0,0,0,0,0,0,0,0,0,0,0,0,0,0,-0.007514645,0,0,0,0,0,-0.029688133,0,0,0,0,0,0,-0.066573125,0
28-01-2020,0,0,0,0,0,0,0,0,0,0,0,0,0,0,-0.015029291,0,0,0,0,0,-0.034636155,0,0,0,0,0,0,-0.066573125,0
29-01-2020,0,0,0,0,0,0,0,0,0,0,0,0,0,0,-0.022543936,0,0,0,0,0,-0.034636155,0,0,0,0,0,0,-0.066573125,0
30-01-2020,0,0,0,0,0,0,0,0,0,0,0,0,0,0,-0.030058581,0,0,0,0,0,-0.034636155,0,0,0,0,0,0,-0.066573125,0
31-01-2020,0,0,0,0,0,0,0,0,0,0,0,0,0,0,-0.037573226,0,0,0,0,0,-0.034636155,0,0,-0.028623062,0,0,0,-0.066573125,0
01-02-2020,0,0,0,0,0,0,0,0,0,0,0,0,0,0,-0.045087872,0,0,0,0,0,-0.034636155,0,0,-0.057246124,0,0,0,-0.066573125,0
02-02-2020,0,0,0,0,0,0,0,0,0,0,0,0,0,0,-0.052602517,0,0,0,0,0,-0.034636155,0,0,-0.085869185,0,0,0,-0.066573125,0
03-02-2020,0,0,0,0,0,0,0,0,0,0,0,0,0,0,-0.052602517,0,0,0,0,0,-0.034636155,0,0,-0.114492247,0,0,0,-0.066573125,0
04-02-2020,0,0,0,0,0,0,0,0,0,0,0,0,0,0,-0.052602517,0,0,0,0,0,-0.034636155,0,0,-0.143115309,0,0,0,-0.066573125,0
05-02-2020,0,0,0,0,0,0,0,0,0,0,0,0,0,0,-0.052602517,0,0,0,0,0,-0.034636155,0,0,-0.171738371,0,0,0,-0.066573125,0
06-02-2020,0,0,0,0,0,0,0,0,0,0,0,0,0,0,-0.052602517,0,0,0,0,0,-0.034636155,0,0,-0.200361433,0,0,0,-0.066573125,0
07-02-2020,0,0,0,0,0,0,0,0,0,0,0,0,0,0,-0.052602517,0,0,0,0,0,-0.034636155,0,0,-0.200361433,0,0,0,-0.066573125,0
08-02-2020,0,0,0,0,0,0,0,0,0,0,0,0,0,0,-0.052602517,0,0,0,0,0,-0.034636155,0,0,-0.200361433,0,0,0,-0.066573125,0
09-02-2020,0,0,0,0,0,0,0,0,0,0,0,0,0,0,-0.052602517,0,0,0,0,0,-0.034636155,0,0,-0.200361433,0,0,0,-0.066573125,0
10-02-2020,0,0,0,0,0,0,0,0,0,0,0,0,0,0,-0.052602517,0,0,0,0,0,-0.034636155,0,0,-0.200361433,0,0,0,-0.066573125,0
11-02-2020,0,0,0,0,0,0,0,0,0,0,0,0,0,0,-0.052602517,0,0,0,0,0,-0.034636155,0,0,-0.200361433,0,0,0,-0.066573125,0
12-02-2020,0,0,0,0,0,0,0,0,0,0,0,0,0,0,-0.052602517,0,0,0,0,0,-0.034636155,0,0,-0.200361433,0,0,0,-0.066573125,0
13-02-2020,0,0,0,0,0,0,0,0,0,0,0,0,0,0,-0.052602517,0,0,0,0,0,-0.034636155,0,0,-0.200361433,0,0,0,-0.066573125,0
14-02-2020,0,0,0,0,0,0,0,0,0,0,0,0,0,0,-0.052602517,0,0,0,0,0,-0.034636155,0,0,-0.200361433,0,0,0,-0.066573125,0
15-02-2020,0,0,0,0,0,0,0,0,0,0,0,0,0,0,-0.052602517,0,0,0,0,0,-0.034636155,0,0,-0.200361433,0,0,0,-0.066573125,0
16-02-2020,0,0,0,0,0,0,0,0,0,0,0,0,0,0,-0.052602517,0,0,0,0,0,-0.034636155,0,0,-0.200361433,0,0,0,-0.066573125,0
17-02-2020,0,0,0,0,0,0,0,0,0,0,0,0,0,0,-0.052602517,0,0,0,0,0,-0.034636155,0,0,-0.200361433,0,0,0,-0.066573125,0
18-02-2020,0,0,0,0,0,0,0,0,0,0,0,0,0,0,-0.052602517,0,0,0,0,0,-0.034636155,0,0,-0.200361433,0,0,0,-0.066573125,0
19-02-2020,0,0,0,0,0,0,0,0,0,0,0,0,0,0,-0.052602517,0,0,0,0,0,-0.034636155,0,0,-0.200361433,0,0,0,-0.066573125,0
20-02-2020,0,0,0,0,0,0,0,0,0,0,0,0,0,0,-0.071828367,0,0,0,0,0,-0.034636155,0,0,-0.200361433,0,0,0,-0.066573125,0
21-02-2020,0,0,0,0,0,0,0,0,0,0,0,-0.000489571,0,0,-0.091054217,0,0,0,0,0,-0.034636155,0,0,-0.200361433,0,0,0,-0.066573125,0
22-02-2020,0,0,0,0,0,0,0,0,0,0,0,-0.000979143,0,0,-0.110280066,0,0,0,0,0,-0.034636155,0,-0.001440633,-0.200361433,0,0,0,-0.066573125,0
23-02-2020,0,0,0,0,0,0,0,0,0,0,0,-0.001468714,0,0,-0.129505916,0,0,0,0,0,-0.034636155,0,-0.002881266,-0.200361433,0,0,0,-0.066573125,0
24-02-2020,0,0,0,0,0,0,0,0,0,0,0,-0.001958286,0,0,-0.148731766,0,0,0,0,0,-0.034636155,0,-0.004321899,-0.200361433,0,0,0,-0.066573125,0
25-02-2020,0,0,0,0,0,0,0,0,0,0,0,-0.002447857,0,0,-0.167957616,0,0,0,0,0,-0.034636155,0,-0.005762533,-0.200361433,0,0,0,-0.066573125,0
26-02-2020,0,0,0,0,0,0,0,0,0,-0.010315948,0,-0.002937428,0,-0.001037655,-0.187183465,0,0,0,0,0,-0.034636155,0,-0.007203166,-0.200361433,0,0,0,-0.066573125,0
27-02-2020,0,0,0,0,0,0,0,0,0,-0.020631896,0,-0.003427,0,-0.002075311,-0.187183465,0,0,0,0,0,-0.034636155,0,-0.008643799,-0.200361433,0,0,0,-0.066573125,0
28-02-2020,0,0,0,0,0,0,0,0,0,-0.030947844,0,-0.003427,0,-0.003112966,-0.187183465,0,0,0,0,0,-0.034636155,0,-0.010084432,-0.200361433,0,0,0,-0.066573125,0
29-02-2020,0,0,0,-0.001488622,0,0,0,0,0,-0.041263792,0,-0.003427,0,-0.004150621,-0.187183465,0,0,0,0,0,-0.034636155,0,-0.010084432,-0.200361433,0,0,0,-0.066573125,0
01-03-2020,0,0,0,-0.002977244,0,0,0,0,0,-0.05157974,0,-0.003427,0,-0.005188276,-0.187183465,0,0,0,0,0,-0.034636155,0,-0.010084432,-0.200361433,0,0,0,-0.066573125,0
02-03-2020,0,0,0,-0.004465867,0,0,0,0,0,-0.061895687,0,-0.003427,0,-0.006225932,-0.187183465,0,0,0,0,0,-0.034636155,0,-0.010084432,-0.200361433,0,0,0,-0.066573125,0
03-03-2020,0,0,0,-0.005954489,0,0,0,0,0,-0.072211635,0,-0.003427,0,-0.007263587,-0.187183465,0,0,0,0,0,-0.034636155,0,-0.010084432,-0.200361433,0,0,0,-0.066573125,0
04-03-2020,0,0,0,-0.007443111,0,0,0,0,0,-0.072211635,0,-0.003427,0,-0.007263587,-0.187183465,0,0,0,0,0,-0.034636155,0,-0.010084432,-0.200361433,0,0,0,-0.066573125,0
05-03-2020,0,0,-0.000679427,-0.008931733,0,0,0,0,0,-0.072211635,0,-0.003427,0,-0.007263587,-0.187183465,0,0,0,0,0,-0.034636155,0,-0.010084432,-0.200361433,0,0,0,-0.066573125,0
06-03-2020,0,0,-0.001358854,-0.010420356,0,0,0,0,0,-0.072211635,-0.002063336,-0.003427,0,-0.007263587,-0.199097088,0,0,0,0,0,-0.034636155,0,-0.010084432,-0.200361433,0,-0.001243562,0,-0.066573125,0
07-03-2020,0,0,-0.002038281,-0.014681796,0,0,-0.027073244,0,0,-0.072211635,-0.004126673,-0.003427,0,-0.007263587,-0.211010711,0,0,0,0,0,-0.034636155,0,-0.010084432,-0.200361433,0,-0.002487124,0,-0.066573125,0
08-03-2020,0,0,-0.002717708,-0.018943236,0,-0.003831384,-0.054146487,0,0,-0.072211635,-0.006190009,-0.003427,-0.00356296,-0.007263587,-0.222924334,0,0,0,0,0,-0.034636155,0,-0.013538763,-0.200361433,0,-0.003730685,0,-0.066573125,0
09-03-2020,0,-0.010390537,-0.003397135,-0.023204676,0,-0.007662769,-0.081219731,0,0,-0.098046472,-0.008253345,-0.003427,-0.007125919,-0.0098818,-0.234837957,-0.001481071,0,0,0,-0.006291561,-0.048772978,-0.004928701,-0.016993094,-0.200361433,0,-0.004974247,-0.002016016,-0.066573125,0
10-03-2020,0,-0.020781075,-0.006039758,-0.027466116,0,-0.011494153,-0.108292974,0,0,-0.123881309,-0.014343296,-0.003427,-0.010688879,-0.012500013,-0.24675158,-0.002962141,-0.001630574,-0.000869435,0,-0.012583122,-0.0629098,-0.009857402,-0.020447425,-0.200361433,-0.002363202,-0.006217809,-0.004032032,-0.066573125,0
11-03-2020,0,-0.031171612,-0.008682381,-0.031727556,0,-0.015325538,-0.146190056,0,0,-0.149716146,-0.020433248,-0.003427,-0.014251839,-0.015118226,-0.258665203,-0.004443212,-0.003261149,-0.001738869,0,-0.018874683,-0.077046622,-0.014786103,-0.023901756,-0.200361433,-0.004726404,-0.007461371,-0.006048049,-0.066573125,0
12-03-2020,-0.006017692,-0.041562149,-0.010645577,-0.035988997,0,-0.019156922,-0.184087137,0,0,-0.175550983,-0.026523199,-0.003427,-0.017814798,-0.017736439,-0.270578826,-0.005924282,-0.005252865,-0.002608304,0,-0.025166244,-0.091183444,-0.019714804,-0.027356087,-0.200361433,-0.007089606,-0.008704932,-0.008064065,-0.066573125,0
13-03-2020,-0.014845437,-0.051952687,-0.012608772,-0.044455069,-0.053721302,-0.024422249,-0.221984219,-0.001027942,-0.003900737,-0.20138582,-0.030549813,-0.004612454,-0.021377758,-0.020354652,-0.270578826,-0.007959467,-0.007244581,-0.003477739,-0.01591569,-0.031457805,-0.105320267,-0.024643505,-0.030810418,-0.200361433,-0.011066679,-0.009316377,-0.010080081,-0.08712407,0
14-03-2020,-0.023673182,-0.062343224,-0.014571968,-0.048659701,-0.107442603,-0.029687575,-0.232808057,-0.002055883,-0.007801474,-0.239632858,-0.034576428,-0.005797908,-0.024940718,-0.022972865,-0.270578826,-0.009994653,-0.009236296,-0.004347173,-0.031831381,-0.037749366,-0.119457089,-0.029572206,-0.034264749,-0.200361433,-0.015043751,-0.009927821,-0.012096097,-0.107675014,-0.010929455
15-03-2020,-0.032500927,-0.076515578,-0.016535164,-0.052864332,-0.161163905,-0.031121517,-0.243631895,-0.003083825,-0.011702211,-0.277879896,-0.038603043,-0.006983363,-0.024940718,-0.025591078,-0.270578826,-0.012029838,-0.011228012,-0.005216608,-0.047747071,-0.044040926,-0.133593911,-0.034500908,-0.034264749,-0.200361433,-0.019020823,-0.010539265,-0.014112114,-0.128225958,-0.021858909
16-03-2020,-0.041328672,-0.080297395,-0.01849836,-0.057068964,-0.214885207,-0.032555459,-0.254455733,-0.004111766,-0.015602948,-0.290292097,-0.042629657,-0.008168817,-0.024940718,-0.025591078,-0.270578826,-0.012583953,-0.013219728,-0.006086043,-0.063662761,-0.044040926,-0.133593911,-0.036687411,-0.034264749,-0.264021802,-0.022997895,-0.011150709,-0.014112114,-0.148776902,-0.032788364
17-03-2020,-0.050156417,-0.084079212,-0.01849836,-0.061273596,-0.268606508,-0.033989402,-0.265279571,-0.005139708,-0.019503685,-0.302704298,-0.042629657,-0.009354271,-0.024940718,-0.025591078,-0.270578826,-0.013138068,-0.01358087,-0.006086043,-0.079578452,-0.044040926,-0.133593911,-0.038873914,-0.034264749,-0.327682171,-0.024611765,-0.011762153,-0.014112114,-0.169327846,-0.043717818
18-03-2020,-0.058984161,-0.087861029,-0.01849836,-0.065478228,-0.32232781,-0.035423344,-0.265279571,-0.006167649,-0.023404422,-0.315116499,-0.042629657,-0.011321584,-0.024940718,-0.025591078,-0.270578826,-0.013692183,-0.013942011,-0.006086043,-0.095494142,-0.044040926,-0.133593911,-0.041060417,-0.034264749,-0.391342541,-0.026225635,-0.012373598,-0.014112114,-0.189878791,-0.054647273
19-03-2020,-0.061794215,-0.091642845,-0.01849836,-0.06968286,-0.376049112,-0.036857286,-0.265279571,-0.007195591,-0.027305159,-0.3275287,-0.042629657,-0.013288897,-0.024940718,-0.025591078,-0.270578826,-0.014246298,-0.013942011,-0.006086043,-0.111409833,-0.044040926,-0.133593911,-0.04324692,-0.034264749,-0.45500291,-0.027839505,-0.012985042,-0.014112114,-0.210429735,-0.065576727
20-03-2020,-0.061794215,-0.095424662,-0.01849836,-0.06968286,-0.404745626,-0.036857286,-0.265279571,-0.007195591,-0.027305159,-0.339940901,-0.04561694,-0.014070755,-0.024940718,-0.025591078,-0.270578826,-0.014246298,-0.013942011,-0.006086043,-0.111409833,-0.044040926,-0.133593911,-0.045433423,-0.034264749,-0.518663279,-0.027839505,-0.012985042,-0.014112114,-0.210429735,-0.076506182
21-03-2020,-0.061794215,-0.099206479,-0.01849836,-0.06968286,-0.43344214,-0.036857286,-0.265279571,-0.007195591,-0.027305159,-0.339940901,-0.048604223,-0.014852613,-0.024940718,-0.025591078,-0.270578826,-0.014246298,-0.013942011,-0.006086043,-0.111409833,-0.044040926,-0.133593911,-0.047619927,-0.037363415,-0.582323649,-0.027839505,-0.012985042,-0.014112114,-0.210429735,-0.076506182
22-03-2020,-0.061794215,-0.099206479,-0.01849836,-0.06968286,-0.462138654,-0.036857286,-0.265279571,-0.007195591,-0.027305159,-0.339940901,-0.051591506,-0.015634471,-0.024940718,-0.025591078,-0.270578826,-0.014246298,-0.013942011,-0.006086043,-0.111409833,-0.044040926,-0.146327001,-0.04980643,-0.04046208,-0.645984018,-0.027839505,-0.012985042,-0.014112114,-0.210429735,-0.076506182
23-03-2020,-0.061794215,-0.099206479,-0.01849836,-0.06968286,-0.490835168,-0.036857286,-0.265279571,-0.007195591,-0.027305159,-0.339940901,-0.054578789,-0.016416329,-0.024940718,-0.025591078,-0.270578826,-0.014246298,-0.013942011,-0.006086043,-0.111409833,-0.044040926,-0.159060091,-0.04980643,-0.043560746,-0.645984018,-0.027839505,-0.012985042,-0.014112114,-0.210429735,-0.076506182
24-03-2020,-0.061794215,-0.099206479,-0.01849836,-0.06968286,-0.519531682,-0.036857286,-0.265279571,-0.007195591,-0.027305159,-0.339940901,-0.057566072,-0.017198188,-0.024940718,-0.025591078,-0.270578826,-0.014246298,-0.013942011,-0.006086043,-0.111409833,-0.044040926,-0.171793181,-0.04980643,-0.046659411,-0.645984018,-0.027839505,-0.012985042,-0.014112114,-0.210429735,-0.076506182
25-03-2020,-0.061794215,-0.099206479,-0.01849836,-0.06968286,-0.548228196,-0.036857286,-0.265279571,-0.007195591,-0.027305159,-0.339940901,-0.060553356,-0.017198188,-0.02673693,-0.027014235,-0.270578826,-0.014246298,-0.013942011,-0.006086043,-0.111409833,-0.044040926,-0.184526271,-0.04980643,-0.049758077,-0.714043299,-0.027839505,-0.012985042,-0.014112114,-0.210429735,-0.076506182
26-03-2020,-0.061794215,-0.099206479,-0.01849836,-0.06968286,-0.57692471,-0.036857286,-0.265279571,-0.007195591,-0.027305159,-0.339940901,-0.063540639,-0.017198188,-0.028533143,-0.028437392,-0.270578826,-0.014246298,-0.013942011,-0.006086043,-0.111409833,-0.044040926,-0.197259361,-0.04980643,-0.052856742,-0.78210258,-0.027839505,-0.012985042,-0.017673822,-0.210429735,-0.076506182
27-03-2020,-0.061794215,-0.099206479,-0.01849836,-0.06968286,-0.57692471,-0.036857286,-0.265279571,-0.007195591,-0.027305159,-0.339940901,-0.063540639,-0.017198188,-0.030329355,-0.029860549,-0.270578826,-0.014246298,-0.013942011,-0.006086043,-0.111409833,-0.044040926,-0.209992451,-0.04980643,-0.055955408,-0.85016186,-0.027839505,-0.012985042,-0.021235531,-0.210429735,-0.076506182
28-03-2020,-0.061794215,-0.099206479,-0.01849836,-0.06968286,-0.57692471,-0.036857286,-0.265279571,-0.007195591,-0.027305159,-0.339940901,-0.063540639,-0.017198188,-0.032125568,-0.031283706,-0.270578826,-0.014246298,-0.013942011,-0.006086043,-0.111409833,-0.044040926,-0.222725541,-0.04980643,-0.055955408,-0.918221141,-0.027839505,-0.012985042,-0.02479724,-0.210429735,-0.076506182
29-03-2020,-0.061794215,-0.099206479,-0.01849836,-0.06968286,-0.57692471,-0.036857286,-0.265279571,-0.007195591,-0.027305159,-0.339940901,-0.063540639,-0.017198188,-0.03392178,-0.032706863,-0.270578826,-0.014246298,-0.013942011,-0.006086043,-0.111409833,-0.044040926,-0.222725541,-0.04980643,-0.055955408,-0.986280422,-0.027839505,-0.012985042,-0.028358949,-0.210429735,-0.076506182
30-03-2020,-0.061794215,-0.099206479,-0.01849836,-0.06968286,-0.57692471,-0.036857286,-0.265279571,-0.007195591,-0.027305159,-0.339940901,-0.063540639,-0.017198188,-0.035717993,-0.03413002,-0.270578826,-0.014246298,-0.013942011,-0.006086043,-0.111409833,-0.044040926,-0.222725541,-0.04980643,-0.055955408,-1.054339703,-0.027839505,-0.012985042,-0.031920658,-0.210429735,-0.076506182
31-03-2020,-0.061794215,-0.099206479,-0.01849836,-0.06968286,-0.57692471,-0.036857286,-0.265279571,-0.007195591,-0.027305159,-0.339940901,-0.063540639,-0.017198188,-0.037514205,-0.035553177,-0.270578826,-0.014246298,-0.013942011,-0.006086043,-0.111409833,-0.044040926,-0.222725541,-0.04980643,-0.055955408,-1.122398983,-0.027839505,-0.012985042,-0.035482367,-0.210429735,-0.076506182
01-04-2020,-0.061794215,-0.099206479,-0.01849836,-0.06968286,-0.57692471,-0.036857286,-0.265279571,-0.007195591,-0.027305159,-0.339940901,-0.063540639,-0.017198188,-0.037514205,-0.035553177,-0.270578826,-0.014246298,-0.013942011,-0.006086043,-0.111409833,-0.044040926,-0.222725541,-0.04980643,-0.055955408,-1.122398983,-0.027839505,-0.012985042,-0.039044076,-0.210429735,-0.076506182
02-04-2020,-0.061794215,-0.099206479,-0.01849836,-0.06968286,-0.57692471,-0.036857286,-0.265279571,-0.007195591,-0.027305159,-0.339940901,-0.063540639,-0.017198188,-0.037514205,-0.035553177,-0.270578826,-0.014246298,-0.013942011,-0.006086043,-0.111409833,-0.044040926,-0.222725541,-0.04980643,-0.055955408,-1.122398983,-0.027839505,-0.012985042,-0.039044076,-0.210429735,-0.076506182
03-04-2020,-0.061794215,-0.099206479,-0.01849836,-0.06968286,-0.57692471,-0.036857286,-0.265279571,-0.007195591,-0.027305159,-0.339940901,-0.063540639,-0.017198188,-0.037514205,-0.035553177,-0.270578826,-0.014246298,-0.013942011,-0.006086043,-0.111409833,-0.044040926,-0.222725541,-0.04980643,-0.055955408,-1.122398983,-0.027839505,-0.012985042,-0.039044076,-0.210429735,-0.076506182
04-04-2020,-0.061794215,-0.099206479,-0.016535164,-0.06968286,-0.57692471,-0.036857286,-0.265279571,-0.007195591,-0.027305159,-0.339940901,-0.063540639,-0.017198188,-0.037514205,-0.035553177,-0.270578826,-0.014246298,-0.013942011,-0.006086043,-0.111409833,-0.044040926,-0.222725541,-0.04980643,-0.055955408,-1.122398983,-0.027839505,-0.012985042,-0.039044076,-0.210429735,-0.076506182
05-04-2020,-0.061794215,-0.099206479,-0.014571968,-0.06968286,-0.57692471,-0.036857286,-0.265279571,-0.007195591,-0.027305159,-0.339940901,-0.063540639,-0.017198188,-0.037514205,-0.035553177,-0.270578826,-0.014246298,-0.013942011,-0.006086043,-0.111409833,-0.044040926,-0.222725541,-0.04980643,-0.055955408,-1.122398983,-0.027839505,-0.012985042,-0.039044076,-0.210429735,-0.076506182
06-04-2020,-0.061794215,-0.099206479,-0.012608772,-0.06968286,-0.57692471,-0.036857286,-0.265279571,-0.007195591,-0.027305159,-0.339940901,-0.063540639,-0.017198188,-0.037514205,-0.035553177,-0.270578826,-0.014246298,-0.013942011,-0.006086043,-0.111409833,-0.044040926,-0.222725541,-0.04980643,-0.055955408,-1.122398983,-0.027839505,-0.012985042,-0.039044076,-0.210429735,-0.076506182
07-04-2020,-0.061794215,-0.099206479,-0.010645577,-0.06968286,-0.57692471,-0.036857286,-0.265279571,-0.007195591,-0.027305159,-0.339940901,-0.063540639,-0.017198188,-0.037514205,-0.035553177,-0.270578826,-0.014246298,-0.013942011,-0.006086043,-0.111409833,-0.044040926,-0.222725541,-0.04980643,-0.055955408,-1.122398983,-0.027839505,-0.012985042,-0.039044076,-0.210429735,-0.076506182
08-04-2020,-0.061794215,-0.099206479,-0.008682381,-0.06968286,-0.57692471,-0.036857286,-0.265279571,-0.007195591,-0.027305159,-0.339940901,-0.063540639,-0.017198188,-0.037514205,-0.035553177,-0.270578826,-0.014246298,-0.013942011,-0.006086043,-0.111409833,-0.044040926,-0.222725541,-0.04980643,-0.055955408,-1.122398983,-0.027839505,-0.012985042,-0.039044076,-0.210429735,-0.076506182
09-04-2020,-0.061794215,-0.099206479,-0.006719185,-0.06968286,-0.57692471,-0.036857286,-0.265279571,-0.007195591,-0.027305159,-0.339940901,-0.063540639,-0.017198188,-0.037514205,-0.035553177,-0.270578826,-0.014246298,-0.013942011,-0.006086043,-0.111409833,-0.044040926,-0.222725541,-0.04980643,-0.055955408,-1.122398983,-0.027839505,-0.012985042,-0.039044076,-0.210429735,-0.076506182
10-04-2020,-0.061794215,-0.099206479,-0.004755989,-0.06968286,-0.57692471,-0.036857286,-0.254455733,-0.007195591,-0.027305159,-0.339940901,-0.063540639,-0.017198188,-0.037514205,-0.035553177,-0.270578826,-0.014246298,-0.013942011,-0.006086043,-0.111409833,-0.044040926,-0.222725541,-0.04980643,-0.055955408,-1.122398983,-0.027839505,-0.012985042,-0.039044076,-0.210429735,-0.076506182
11-04-2020,-0.058984161,-0.099206479,-0.004755989,-0.06968286,-0.57692471,-0.036857286,-0.243631895,-0.007195591,-0.027305159,-0.339940901,-0.063540639,-0.017198188,-0.037514205,-0.035553177,-0.258665203,-0.014246298,-0.013942011,-0.006086043,-0.111409833,-0.044040926,-0.222725541,-0.04980643,-0.055955408,-1.122398983,-0.027839505,-0.012985042,-0.039044076,-0.210429735,-0.076506182
12-04-2020,-0.056174108,-0.099206479,-0.004755989,-0.06968286,-0.57692471,-0.035423344,-0.232808057,-0.007195591,-0.027305159,-0.339940901,-0.063540639,-0.017198188,-0.037514205,-0.035553177,-0.24675158,-0.014246298,-0.013942011,-0.006086043,-0.111409833,-0.044040926,-0.222725541,-0.04980643,-0.055955408,-1.122398983,-0.027839505,-0.012985042,-0.039044076,-0.210429735,-0.076506182
13-04-2020,-0.053364055,-0.099206479,-0.004755989,-0.06968286,-0.57692471,-0.033989402,-0.221984219,-0.007195591,-0.027305159,-0.339940901,-0.063540639,-0.017198188,-0.037514205,-0.035553177,-0.234837957,-0.014246298,-0.013942011,-0.006086043,-0.111409833,-0.044040926,-0.222725541,-0.04980643,-0.055955408,-1.122398983,-0.027839505,-0.012985042,-0.039044076,-0.210429735,-0.076506182
14-04-2020,-0.050554002,-0.099206479,-0.004755989,-0.06968286,-0.57692471,-0.032555459,-0.211160381,-0.007195591,-0.027305159,-0.339940901,-0.063540639,-0.017198188,-0.037514205,-0.035553177,-0.222924334,-0.014246298,-0.013942011,-0.006086043,-0.111409833,-0.044040926,-0.222725541,-0.04980643,-0.055955408,-1.122398983,-0.027839505,-0.012985042,-0.039044076,-0.210429735,-0.076506182
15-04-2020,-0.047743949,-0.099206479,-0.004755989,-0.06968286,-0.57692471,-0.031121517,-0.200336543,-0.007195591,-0.027305159,-0.339940901,-0.063540639,-0.017198188,-0.037514205,-0.035553177,-0.211010711,-0.014246298,-0.013942011,-0.006086043,-0.111409833,-0.044040926,-0.222725541,-0.04980643,-0.055955408,-1.122398983,-0.027839505,-0.012985042,-0.039044076,-0.210429735,-0.076506182
16-04-2020,-0.044933896,-0.099206479,-0.004755989,-0.06968286,-0.57692471,-0.029687575,-0.189512705,-0.007195591,-0.027305159,-0.339940901,-0.063540639,-0.017198188,-0.037514205,-0.035553177,-0.199097088,-0.014246298,-0.013942011,-0.006086043,-0.111409833,-0.044040926,-0.209992451,-0.04980643,-0.055955408,-1.122398983,-0.027839505,-0.012985042,-0.039044076,-0.210429735,-0.076506182
17-04-2020,-0.042123843,-0.099206479,-0.004755989,-0.065478228,-0.548228196,-0.028253633,-0.189512705,-0.007195591,-0.027305159,-0.339940901,-0.063540639,-0.017198188,-0.037514205,-0.035553177,-0.187183465,-0.014246298,-0.01358087,-0.006086043,-0.111409833,-0.042030195,-0.197259361,-0.04980643,-0.055955408,-1.122398983,-0.027839505,-0.012373598,-0.039044076,-0.210429735,-0.076506182
18-04-2020,-0.042123843,-0.099206479,-0.004755989,-0.061273596,-0.519531682,-0.026819691,-0.189512705,-0.007195591,-0.027305159,-0.339940901,-0.063540639,-0.017198188,-0.037514205,-0.035553177,-0.187183465,-0.014246298,-0.013219728,-0.006086043,-0.111409833,-0.040019463,-0.184526271,-0.04980643,-0.055955408,-1.122398983,-0.027839505,-0.011762153,-0.039044076,-0.210429735,-0.076506182
19-04-2020,-0.042123843,-0.099206479,-0.004755989,-0.057068964,-0.490835168,-0.026819691,-0.189512705,-0.007195591,-0.027305159,-0.339940901,-0.063540639,-0.017198188,-0.037514205,-0.035553177,-0.187183465,-0.014246298,-0.012858587,-0.006086043,-0.111409833,-0.038008731,-0.171793181,-0.04980643,-0.055955408,-1.122398983,-0.026225635,-0.011150709,-0.039044076,-0.210429735,-0.076506182
20-04-2020,-0.042123843,-0.099206479,-0.004755989,-0.052864332,-0.462138654,-0.026819691,-0.189512705,-0.007195591,-0.027305159,-0.339940901,-0.063540639,-0.017198188,-0.037514205,-0.035553177,-0.187183465,-0.014246298,-0.012497445,-0.006086043,-0.111409833,-0.035997999,-0.159060091,-0.04980643,-0.055955408,-1.122398983,-0.024611765,-0.010539265,-0.039044076,-0.210429735,-0.076506182
21-04-2020,-0.042123843,-0.099206479,-0.004755989,-0.048659701,-0.43344214,-0.026819691,-0.189512705,-0.007195591,-0.027305159,-0.339940901,-0.063540639,-0.017198188,-0.037514205,-0.035553177,-0.187183465,-0.014246298,-0.012136304,-0.006086043,-0.111409833,-0.033987267,-0.146327001,-0.04980643,-0.055955408,-1.122398983,-0.022997895,-0.009927821,-0.039044076,-0.210429735,-0.076506182
22-04-2020,-0.042123843,-0.099206479,-0.004755989,-0.044455069,-0.404745626,-0.026819691,-0.189512705,-0.007195591,-0.027305159,-0.339940901,-0.063540639,-0.017198188,-0.037514205,-0.035553177,-0.187183465,-0.014246298,-0.011775162,-0.006086043,-0.111409833,-0.031976535,-0.133593911,-0.04980643,-0.055955408,-1.122398983,-0.021384025,-0.009316377,-0.039044076,-0.210429735,-0.076506182
23-04-2020,-0.042123843,-0.099206479,-0.004755989,-0.040250437,-0.376049112,-0.026819691,-0.189512705,-0.007195591,-0.027305159,-0.339940901,-0.063540639,-0.017198188,-0.037514205,-0.035553177,-0.187183465,-0.014246298,-0.011414021,-0.006086043,-0.111409833,-0.029965804,-0.133593911,-0.04980643,-0.055955408,-1.122398983,-0.019770155,-0.008704932,-0.039044076,-0.210429735,-0.076506182
24-04-2020,-0.042123843,-0.099206479,-0.004755989,-0.040250437,-0.376049112,-0.026819691,-0.189512705,-0.007195591,-0.027305159,-0.339940901,-0.063540639,-0.016416329,-0.037514205,-0.035553177,-0.187183465,-0.013692183,-0.011414021,-0.006086043,-0.111409833,-0.029965804,-0.133593911,-0.04980643,-0.055955408,-1.122398983,-0.018156285,-0.008704932,-0.039044076,-0.210429735,-0.076506182
25-04-2020,-0.042123843,-0.099206479,-0.004755989,-0.040250437,-0.376049112,-0.026819691,-0.189512705,-0.007195591,-0.027305159,-0.339940901,-0.063540639,-0.015634471,-0.037514205,-0.035553177,-0.187183465,-0.013138068,-0.011414021,-0.006086043,-0.111409833,-0.029965804,-0.133593911,-0.04980643,-0.055955408,-1.122398983,-0.016542415,-0.008704932,-0.039044076,-0.210429735,-0.076506182
26-04-2020,-0.042123843,-0.099206479,-0.004755989,-0.040250437,-0.376049112,-0.026819691,-0.189512705,-0.007195591,-0.027305159,-0.339940901,-0.063540639,-0.014852613,-0.037514205,-0.035553177,-0.187183465,-0.012583953,-0.011414021,-0.006086043,-0.111409833,-0.029965804,-0.133593911,-0.04980643,-0.055955408,-1.122398983,-0.016542415,-0.008704932,-0.039044076,-0.210429735,-0.076506182
27-04-2020,-0.042123843,-0.099206479,-0.004755989,-0.040250437,-0.376049112,-0.026819691,-0.189512705,-0.007195591,-0.027305159,-0.339940901,-0.063540639,-0.014070755,-0.037514205,-0.035553177,-0.187183465,-0.012029838,-0.011414021,-0.006086043,-0.111409833,-0.029965804,-0.133593911,-0.04980643,-0.055955408,-1.122398983,-0.016542415,-0.008704932,-0.039044076,-0.210429735,-0.076506182
28-04-2020,-0.042123843,-0.099206479,-0.004755989,-0.040250437,-0.376049112,-0.026819691,-0.189512705,-0.007195591,-0.027305159,-0.339940901,-0.063540639,-0.013288897,-0.037514205,-0.035553177,-0.187183465,-0.011475723,-0.011414021,-0.006086043,-0.111409833,-0.029965804,-0.133593911,-0.04980643,-0.055955408,-1.122398983,-0.016542415,-0.008704932,-0.039044076,-0.210429735,-0.076506182
29-04-2020,-0.042123843,-0.099206479,-0.004755989,-0.040250437,-0.376049112,-0.026819691,-0.189512705,-0.007195591,-0.027305159,-0.339940901,-0.063540639,-0.012507038,-0.037514205,-0.035553177,-0.187183465,-0.010921608,-0.011414021,-0.006086043,-0.111409833,-0.029965804,-0.133593911,-0.04980643,-0.055955408,-1.122398983,-0.016542415,-0.008704932,-0.039044076,-0.210429735,-0.076506182
30-04-2020,-0.042123843,-0.099206479,-0.004755989,-0.040250437,-0.376049112,-0.026819691,-0.189512705,-0.007195591,-0.027305159,-0.339940901,-0.063540639,-0.01172518,-0.037514205,-0.035553177,-0.187183465,-0.010367494,-0.011414021,-0.006086043,-0.111409833,-0.029965804,-0.133593911,-0.04980643,-0.055955408,-1.122398983,-0.016542415,-0.008704932,-0.039044076,-0.210429735,-0.076506182
01-05-2020,-0.042123843,-0.095424662,-0.004755989,-0.040250437,-0.337285051,-0.026819691,-0.189512705,-0.007195591,-0.027305159,-0.339940901,-0.060553356,-0.01172518,-0.035717993,-0.035553177,-0.187183465,-0.010367494,-0.011414021,-0.006086043,-0.111409833,-0.029965804,-0.119457089,-0.047619927,-0.055955408,-1.122398983,-0.016542415,-0.008704932,-0.039044076,-0.210429735,-0.076506182
02-05-2020,-0.042123843,-0.091642845,-0.004755989,-0.040250437,-0.298520991,-0.026819691,-0.189512705,-0.007195591,-0.027305159,-0.339940901,-0.057566072,-0.01172518,-0.03392178,-0.035553177,-0.187183465,-0.010367494,-0.011414021,-0.006086043,-0.111409833,-0.029965804,-0.105320267,-0.045433423,-0.055955408,-1.122398983,-0.016542415,-0.008704932,-0.039044076,-0.210429735,-0.076506182
03-05-2020,-0.042123843,-0.087861029,-0.004755989,-0.040250437,-0.25975693,-0.026819691,-0.189512705,-0.007195591,-0.027305159,-0.339940901,-0.054578789,-0.01172518,-0.032125568,-0.035553177,-0.187183465,-0.010367494,-0.011414021,-0.006086043,-0.111409833,-0.029965804,-0.091183444,-0.04324692,-0.055955408,-1.122398983,-0.016542415,-0.008704932,-0.039044076,-0.210429735,-0.076506182
04-05-2020,-0.042123843,-0.084079212,-0.004755989,-0.040250437,-0.22099287,-0.026819691,-0.189512705,-0.007195591,-0.027305159,-0.339940901,-0.051591506,-0.01172518,-0.030329355,-0.035553177,-0.187183465,-0.010367494,-0.011414021,-0.006086043,-0.111409833,-0.029965804,-0.077046622,-0.041060417,-0.055955408,-1.122398983,-0.016542415,-0.008704932,-0.039044076,-0.210429735,-0.076506182
05-05-2020,-0.042123843,-0.080297395,-0.004755989,-0.040250437,-0.18222881,-0.026819691,-0.189512705,-0.007195591,-0.027305159,-0.339940901,-0.048604223,-0.01172518,-0.028533143,-0.035553177,-0.187183465,-0.010367494,-0.011414021,-0.006086043,-0.111409833,-0.029965804,-0.0629098,-0.038873914,-0.055955408,-1.122398983,-0.016542415,-0.008704932,-0.039044076,-0.210429735,-0.076506182
06-05-2020,-0.042123843,-0.076515578,-0.004755989,-0.040250437,-0.143464749,-0.026819691,-0.189512705,-0.007195591,-0.027305159,-0.339940901,-0.04561694,-0.01172518,-0.02673693,-0.035553177,-0.187183465,-0.010367494,-0.011414021,-0.006086043,-0.111409833,-0.029965804,-0.048772978,-0.036687411,-0.055955408,-1.122398983,-0.016542415,-0.008704932,-0.039044076,-0.210429735,-0.076506182
07-05-2020,-0.042123843,-0.072733761,-0.004755989,-0.040250437,-0.104700689,-0.026819691,-0.189512705,-0.007195591,-0.027305159,-0.339940901,-0.042629657,-0.01172518,-0.024940718,-0.035553177,-0.187183465,-0.010367494,-0.011414021,-0.006086043,-0.111409833,-0.029965804,-0.034636155,-0.034500908,-0.055955408,-1.122398983,-0.016542415,-0.008704932,-0.039044076,-0.210429735,-0.076506182
08-05-2020,-0.042123843,-0.072733761,-0.004755989,-0.040250437,-0.104700689,-0.026819691,-0.189512705,-0.007195591,-0.027305159,-0.3275287,-0.042629657,-0.010539726,-0.024940718,-0.035553177,-0.187183465,-0.010367494,-0.011414021,-0.006086043,-0.111409833,-0.029965804,-0.034636155,-0.034500908,-0.055955408,-1.122398983,-0.014942082,-0.008704932,-0.039044076,-0.189878791,-0.076506182
09-05-2020,-0.042123843,-0.072733761,-0.004755989,-0.040250437,-0.104700689,-0.026819691,-0.189512705,-0.007195591,-0.027305159,-0.315116499,-0.042629657,-0.009354271,-0.024940718,-0.035553177,-0.187183465,-0.010367494,-0.011414021,-0.005500716,-0.111409833,-0.029965804,-0.034636155,-0.034500908,-0.055955408,-1.054339703,-0.013341749,-0.008704932,-0.039044076,-0.169327846,-0.076506182
10-05-2020,-0.042123843,-0.072733761,-0.004755989,-0.040250437,-0.104700689,-0.026819691,-0.189512705,-0.007195591,-0.027305159,-0.302704298,-0.042629657,-0.008168817,-0.024940718,-0.035553177,-0.187183465,-0.010367494,-0.011414021,-0.004915389,-0.111409833,-0.029965804,-0.034636155,-0.034500908,-0.055955408,-0.986280422,-0.011741416,-0.008704932,-0.039044076,-0.148776902,-0.076506182
11-05-2020,-0.042123843,-0.072733761,-0.004755989,-0.040250437,-0.104700689,-0.026819691,-0.189512705,-0.007195591,-0.024562137,-0.290292097,-0.042629657,-0.006983363,-0.024940718,-0.035553177,-0.187183465,-0.010367494,-0.011414021,-0.004330062,-0.111409833,-0.029965804,-0.034636155,-0.034500908,-0.055955408,-0.918221141,-0.010141083,-0.008704932,-0.039044076,-0.128225958,-0.076506182
12-05-2020,-0.037844745,-0.072733761,-0.004755989,-0.040250437,-0.104700689,-0.026819691,-0.189512705,-0.006449361,-0.021819116,-0.277879896,-0.042629657,-0.005797908,-0.024940718,-0.035553177,-0.187183465,-0.010367494,-0.011414021,-0.003744735,-0.111409833,-0.026933224,-0.034636155,-0.034500908,-0.052856742,-0.85016186,-0.00854075,-0.008704932,-0.035482367,-0.107675014,-0.076506182
13-05-2020,-0.033565648,-0.072733761,-0.004755989,-0.040250437,-0.104700689,-0.026819691,-0.189512705,-0.005703131,-0.019076094,-0.265467695,-0.042629657,-0.004612454,-0.024940718,-0.035553177,-0.187183465,-0.010367494,-0.011414021,-0.003159408,-0.111409833,-0.023900645,-0.034636155,-0.034500908,-0.049758077,-0.78210258,-0.006940417,-0.008704932,-0.031920658,-0.08712407,-0.076506182
14-05-2020,-0.02928655,-0.072733761,-0.004755989,-0.040250437,-0.104700689,-0.026819691,-0.189512705,-0.004956901,-0.016333072,-0.253055494,-0.042629657,-0.003427,-0.024940718,-0.035553177,-0.187183465,-0.010367494,-0.011414021,-0.002574082,-0.111409833,-0.020868066,-0.034636155,-0.034500908,-0.046659411,-0.714043299,-0.005340084,-0.008704932,-0.028358949,-0.066573125,-0.076506182
15-05-2020,-0.025007452,-0.066891546,-0.004755989,-0.040250437,-0.104700689,-0.024127286,-0.189512705,-0.004210671,-0.01359005,-0.253055494,-0.042629657,-0.003427,-0.022395384,-0.03413002,-0.167957616,-0.00932754,-0.011414021,-0.001988755,-0.111409833,-0.017835487,-0.034636155,-0.034500908,-0.043560746,-0.645984018,-0.005340084,-0.007830779,-0.02479724,-0.066573125,-0.076506182
16-05-2020,-0.020728354,-0.061049331,-0.004076562,-0.040250437,-0.104700689,-0.021434881,-0.189512705,-0.003464442,-0.010847028,-0.253055494,-0.042629657,-0.003427,-0.019850051,-0.032706863,-0.148731766,-0.008287586,-0.011414021,-0.001988755,-0.111409833,-0.014802907,-0.034636155,-0.034500908,-0.04046208,-0.645984018,-0.005340084,-0.006956625,-0.021235531,-0.066573125,-0.076506182
17-05-2020,-0.016449256,-0.055207116,-0.003397135,-0.040250437,-0.104700689,-0.018742475,-0.189512705,-0.002718212,-0.008104007,-0.253055494,-0.042629657,-0.003427,-0.017304717,-0.031283706,-0.129505916,-0.007247633,-0.011414021,-0.001988755,-0.111409833,-0.011770328,-0.034636155,-0.034500908,-0.037363415,-0.645984018,-0.005340084,-0.006082472,-0.017673822,-0.066573125,-0.076506182
18-05-2020,-0.012170158,-0.049364901,-0.002717708,-0.040250437,-0.104700689,-0.01605007,-0.189512705,-0.001971982,-0.008104007,-0.253055494,-0.042629657,-0.003427,-0.014759383,-0.029860549,-0.110280066,-0.006207679,-0.011414021,-0.001988755,-0.111409833,-0.008737749,-0.034636155,-0.034500908,-0.034264749,-0.645984018,-0.005340084,-0.005208319,-0.014112114,-0.066573125,-0.076506182
19-05-2020,-0.012170158,-0.043522686,-0.002038281,-0.040250437,-0.104700689,-0.013357665,-0.189512705,-0.001971982,-0.008104007,-0.253055494,-0.042629657,-0.003427,-0.01221405,-0.028437392,-0.091054217,-0.005167725,-0.011414021,-0.001988755,-0.111409833,-0.008737749,-0.034636155,-0.034500908,-0.034264749,-0.645984018,-0.005340084,-0.004334165,-0.014112114,-0.066573125,-0.068848518
20-05-2020,-0.012170158,-0.037680471,-0.001358854,-0.040250437,-0.104700689,-0.01066526,-0.189512705,-0.001971982,-0.008104007,-0.253055494,-0.042629657,-0.003427,-0.009668716,-0.027014235,-0.071828367,-0.004127772,-0.011414021,-0.001988755,-0.111409833,-0.008737749,-0.034636155,-0.034500908,-0.034264749,-0.645984018,-0.005340084,-0.003460012,-0.014112114,-0.105893585,-0.061190854
21-05-2020,-0.012170158,-0.031838256,-0.000679427,-0.040250437,-0.104700689,-0.007972855,-0.189512705,-0.001971982,-0.008104007,-0.253055494,-0.042629657,-0.003427,-0.007123383,-0.025591078,-0.052602517,-0.003087818,-0.011414021,-0.001988755,-0.111409833,-0.008737749,-0.034636155,-0.034500908,-0.034264749,-0.645984018,-0.005340084,-0.002585858,-0.014112114,-0.145214045,-0.05353319
22-05-2020,-0.012170158,-0.031838256,0,-0.035988997,-0.104700689,-0.007972855,-0.189512705,-0.001971982,-0.008104007,-0.253055494,-0.042629657,-0.003427,-0.007123383,-0.025591078,-0.052602517,-0.003087818,-0.010230842,-0.001988755,-0.111409833,-0.008737749,-0.034636155,-0.034500908,-0.034264749,-0.645984018,-0.005340084,-0.002585858,-0.014112114,-0.184534504,-0.045875526
23-05-2020,-0.012170158,-0.031838256,0,-0.031727556,-0.104700689,-0.007972855,-0.189512705,-0.001971982,-0.008104007,-0.253055494,-0.042629657,-0.003427,-0.007123383,-0.025591078,-0.052602517,-0.003087818,-0.009047663,-0.001988755,-0.111409833,-0.008737749,-0.034636155,-0.034500908,-0.034264749,-0.645984018,-0.005340084,-0.002585858,-0.014112114,-0.223854964,-0.038217863
24-05-2020,-0.012170158,-0.031838256,0,-0.027466116,-0.104700689,-0.007972855,-0.189512705,-0.001971982,-0.008104007,-0.253055494,-0.042629657,-0.003427,-0.007123383,-0.025591078,-0.052602517,-0.003087818,-0.007864484,-0.001988755,-0.111409833,-0.008737749,-0.034636155,-0.034500908,-0.034264749,-0.645984018,-0.005340084,-0.002585858,-0.014112114,-0.244405908,-0.030560199
25-05-2020,-0.012170158,-0.031838256,0,-0.023204676,-0.104700689,-0.007972855,-0.189512705,-0.001971982,-0.008104007,-0.253055494,-0.042629657,-0.003427,-0.007123383,-0.025591078,-0.052602517,-0.003087818,-0.006681305,-0.001988755,-0.111409833,-0.008737749,-0.034636155,-0.034500908,-0.034264749,-0.645984018,-0.005340084,-0.002585858,-0.014112114,-0.264956852,-0.022902535
26-05-2020,-0.012170158,-0.031838256,0,-0.018943236,-0.104700689,-0.007972855,-0.189512705,-0.001971982,-0.008104007,-0.253055494,-0.042629657,-0.003427,-0.007123383,-0.025591078,-0.052602517,-0.003087818,-0.005498126,-0.001988755,-0.111409833,-0.008737749,-0.034636155,-0.034500908,-0.034264749,-0.645984018,-0.005340084,-0.002585858,-0.014112114,-0.285507797,-0.022902535
27-05-2020,-0.012170158,-0.031838256,0,-0.014681796,-0.104700689,-0.007972855,-0.189512705,-0.001971982,-0.008104007,-0.253055494,-0.042629657,-0.003427,-0.007123383,-0.025591078,-0.052602517,-0.003087818,-0.004314947,-0.001988755,-0.111409833,-0.008737749,-0.034636155,-0.034500908,-0.034264749,-0.645984018,-0.005340084,-0.002585858,-0.014112114,-0.266738281,-0.022902535
28-05-2020,-0.012170158,-0.031838256,0,-0.010420356,-0.104700689,-0.007972855,-0.189512705,-0.001971982,-0.008104007,-0.253055494,-0.042629657,-0.003427,-0.007123383,-0.025591078,-0.052602517,-0.003087818,-0.003131768,-0.001988755,-0.111409833,-0.008737749,-0.034636155,-0.034500908,-0.034264749,-0.645984018,-0.005340084,-0.002585858,-0.014112114,-0.247968766,-0.022902535
29-05-2020,-0.012170158,-0.031838256,0,-0.010420356,-0.104700689,-0.007972855,-0.171032392,-0.001971982,-0.008104007,-0.253055494,-0.038603043,-0.003427,-0.007123383,-0.025591078,-0.052602517,-0.003087818,-0.003131768,-0.001988755,-0.102038173,-0.008737749,-0.034636155,-0.031036187,-0.030810418,-0.582323649,-0.005340084,-0.002585858,-0.014112114,-0.208648306,-0.022902535
30-05-2020,-0.012170158,-0.031838256,0,-0.010420356,-0.104700689,-0.007972855,-0.152552079,-0.001971982,-0.008104007,-0.227220657,-0.034576428,-0.003427,-0.007123383,-0.025591078,-0.052602517,-0.003087818,-0.003131768,-0.001988755,-0.092666514,-0.008737749,-0.034636155,-0.027571466,-0.027356087,-0.518663279,-0.005340084,-0.002585858,-0.014112114,-0.169327846,-0.022902535
31-05-2020,-0.012170158,-0.031838256,0,-0.010420356,-0.104700689,-0.007972855,-0.134071766,-0.001971982,-0.008104007,-0.20138582,-0.030549813,-0.003427,-0.007123383,-0.025591078,-0.052602517,-0.003087818,-0.003131768,-0.001988755,-0.083294854,-0.008737749,-0.034636155,-0.024106746,-0.023901756,-0.45500291,-0.005340084,-0.002585858,-0.014112114,-0.148776902,-0.022902535
01-06-2020,-0.012170158,-0.031838256,0,-0.010420356,-0.104700689,-0.007972855,-0.115591453,-0.001971982,-0.008104007,-0.175550983,-0.026523199,-0.003427,-0.007123383,-0.025591078,-0.052602517,-0.003087818,-0.003131768,-0.001988755,-0.073923195,-0.008737749,-0.034636155,-0.020642025,-0.020447425,-0.391342541,-0.005340084,-0.002585858,-0.014112114,-0.128225958,-0.022902535
02-06-2020,-0.012170158,-0.031838256,0,-0.010420356,-0.104700689,-0.007972855,-0.097111141,-0.001971982,-0.008104007,-0.149716146,-0.022496584,-0.003427,-0.007123383,-0.025591078,-0.052602517,-0.003087818,-0.003131768,-0.001988755,-0.064551536,-0.008737749,-0.034636155,-0.017177305,-0.016993094,-0.327682171,-0.005340084,-0.002585858,-0.014112114,-0.107675014,-0.022902535
03-06-2020,-0.012170158,-0.031838256,0,-0.010420356,-0.104700689,-0.007972855,-0.078630828,-0.001971982,-0.008104007,-0.123881309,-0.018469969,-0.003427,-0.007123383,-0.025591078,-0.052602517,-0.003087818,-0.003131768,-0.001988755,-0.055179876,-0.008737749,-0.034636155,-0.013712584,-0.013538763,-0.264021802,-0.005340084,-0.002585858,-0.014112114,-0.08712407,-0.022902535
04-06-2020,-0.012170158,-0.031838256,0,-0.010420356,-0.104700689,-0.007972855,-0.060150515,-0.001971982,-0.008104007,-0.098046472,-0.014443355,-0.003427,-0.007123383,-0.025591078,-0.052602517,-0.003087818,-0.003131768,-0.001988755,-0.045808217,-0.008737749,-0.034636155,-0.010247863,-0.010084432,-0.200361433,-0.005340084,-0.002585858,-0.014112114,-0.066573125,-0.022902535
05-06-2020,-0.012170158,-0.031838256,0,-0.010420356,-0.104700689,-0.007972855,-0.060150515,-0.001971982,-0.008104007,-0.072211635,-0.014443355,-0.003427,-0.007123383,-0.025591078,-0.052602517,-0.003087818,-0.003131768,-0.001988755,-0.045808217,-0.008737749,-0.034636155,-0.010247863,-0.010084432,-0.200361433,-0.005340084,-0.002585858,-0.014112114,-0.066573125,-0.022902535
06-06-2020,-0.012170158,-0.031838256,0,-0.010420356,-0.104700689,-0.007972855,-0.060150515,-0.001971982,-0.008104007,-0.072211635,-0.014443355,-0.003427,-0.007123383,-0.025591078,-0.052602517,-0.003087818,-0.003131768,-0.001988755,-0.045808217,-0.008737749,-0.034636155,-0.010247863,-0.010084432,-0.200361433,-0.005340084,-0.002585858,-0.014112114,-0.066573125,-0.022902535
07-06-2020,-0.012170158,-0.031838256,0,-0.010420356,-0.104700689,-0.007972855,-0.060150515,-0.001971982,-0.008104007,-0.072211635,-0.014443355,-0.003427,-0.007123383,-0.025591078,-0.052602517,-0.003087818,-0.003131768,-0.001988755,-0.045808217,-0.008737749,-0.034636155,-0.010247863,-0.010084432,-0.200361433,-0.005340084,-0.002585858,-0.014112114,-0.066573125,-0.022902535
08-06-2020,-0.012170158,-0.031838256,0,-0.010420356,-0.104700689,-0.007972855,-0.060150515,-0.001971982,-0.008104007,-0.072211635,-0.014443355,-0.003427,-0.007123383,-0.025591078,-0.052602517,-0.003087818,-0.003131768,-0.001988755,-0.045808217,-0.008737749,-0.034636155,-0.010247863,-0.010084432,-0.200361433,-0.005340084,-0.002585858,-0.014112114,-0.066573125,-0.022902535
09-06-2020,-0.012170158,-0.031838256,0,-0.010420356,-0.104700689,-0.007972855,-0.060150515,-0.001971982,-0.008104007,-0.072211635,-0.014443355,-0.003427,-0.007123383,-0.025591078,-0.052602517,-0.003087818,-0.003131768,-0.001988755,-0.045808217,-0.008737749,-0.034636155,-0.010247863,-0.010084432,-0.200361433,-0.005340084,-0.002585858,-0.014112114,-0.066573125,-0.022902535
10-06-2020,-0.012170158,-0.031838256,0,-0.010420356,-0.104700689,-0.007972855,-0.060150515,-0.001971982,-0.008104007,-0.072211635,-0.014443355,-0.003427,-0.007123383,-0.025591078,-0.052602517,-0.003087818,-0.003131768,-0.001988755,-0.045808217,-0.008737749,-0.034636155,-0.010247863,-0.010084432,-0.200361433,-0.005340084,-0.002585858,-0.014112114,-0.066573125,-0.022902535
11-06-2020,-0.012170158,-0.031838256,0,-0.010420356,-0.104700689,-0.007972855,-0.060150515,-0.001971982,-0.008104007,-0.072211635,-0.014443355,-0.003427,-0.007123383,-0.025591078,-0.052602517,-0.003087818,-0.003131768,-0.001988755,-0.045808217,-0.008737749,-0.034636155,-0.010247863,-0.010084432,-0.200361433,-0.005340084,-0.002585858,-0.014112114,-0.066573125,-0.022902535
